{
  "threshold": 0.6400000000000001,
  "score": 0.781259695935464,
  "precision": 0.7829601990049752,
  "recall": 0.7795665634674923,
  "f1": 0.7812596959354638,
  "f2": 0.7802429350520576
}